codice_articolo;nome_breve;categoria_macro;descrizione_breve
7330326;Spalline imbottite;IMBRACATURE;Modello: Punto di aggancio posteriore c...ttitura lombare in materiale mesh 3D con migliore imbottit...
7330327;Spalline imbottite;IMBRACATURE;Modello: Punto di aggancio posteriore c...ttitura lombare in materiale mesh 3D con migliore imbottit...
7330331;Energy Pro Plus;IMBRACATURE;Punto di aggancio posteri...mpicarsi sugli alberi delle grate, sugli alberi in legno, s...
7330332;Energy Pro Plus;IMBRACATURE;Punto di aggancio posteri...mpicarsi sugli alberi delle grate, sugli alberi in legno, s...
7330927;Energy Pro;IMBRACATURE;Accessori e parti di ricambio:...3, carico nominale max: 130 kg La già efficace versione cla...
7330928;Energy Pro;IMBRACATURE;Accessori e parti di ricambio:...3, carico nominale max: 130 kg La già efficace versione cla...
7330333;Volta;IMBRACATURE;Punto di aggancio posteriore con an... sugli alberi delle grate, sugli alberi in legno, sugli alb...
7330334;Volta;IMBRACATURE;Punto di aggancio posteriore con an... sugli alberi delle grate, sugli alberi in legno, sugli alb...
7330980;Volta;IMBRACATURE;Punto di aggancio posteriore con an...sugli alberi delle grate, sugli alberi in legno, sugli alb...
7330981;Volta;IMBRACATURE;Punto di aggancio posteriore con an...sugli alberi delle grate, sugli alberi in legno, sugli alb...
7330335;Punto di;IMBRACATURE;Punto di aggancio posteriore con an...ssere dotato sulla cintura di sostegno / posiziona- mento in...
7330336;Punto di;IMBRACATURE;Punto di aggancio posteriore con an...ssere dotato sulla cintura di sostegno / posiziona- mento in...
7330338;Granit Light;IMBRACATURE;Punto di aggancio posteriore con an...di carico nominale max: 140 kg La variante leggermente sempl...
7330217;Expert;IMBRACATURE;Punto di aggancio posteriore con an...per gli operatori in ambiente industriale, con attenzione all...
7330218;Expert;IMBRACATURE;Punto di aggancio posteriore con an...per gli operatori in ambiente industriale, con attenzione all...
7330970;Safety Safety Junior;IMBRACATURE;Imbracature per i più\nesigenti che operano su...litamente elevata con attenzione alle taglie piccole / junior...
7330971;Safety Safety Junior;IMBRACATURE;Imbracature per i più\nesigenti che operano su...litamente elevata con attenzione alle taglie piccole / junior...
7330979;Ergo Click Plus;IMBRACATURE;Ergo Click Plus – l’imbracatura universale...ne razionale, condizioni di lavoro comode e confortevoli...
7330997;Ergo Click Plus;IMBRACATURE;Ergo Click Plus – l’imbracatura universale...ne razionale, condizioni di lavoro comode e confortevoli...
7334201;C3 Rapid;IMBRACATURE;Imbracatura anticaduta con fibbie a scatto...erse situazioni di lavoro in quota, con montaggio rapido...
7334202;C3 Rapid;IMBRACATURE;Imbracatura anticaduta con fibbie a scatto...erse situazioni di lavoro in quota, con montaggio rapido...
7334203;C2 Simple;IMBRACATURE;Imbracatura anticaduta di base... adatta per utilizzi meno frequenti, dove serve solo il punt...
7334204;C2 Simple;IMBRACATURE;Imbracatura anticaduta di base... adatta per utilizzi meno frequenti, dove serve solo il punt...
7334205;C2 Simple;IMBRACATURE;Imbracatura anticaduta di base... adatta per utilizzi meno frequenti, dove serve solo il punt...
7334206;C2 Simple;IMBRACATURE;Imbracatura anticaduta di base... adatta per utilizzi meno frequenti, dove serve solo il punt...
7330328;ACCESSORI PER IMBRACATURE;ACCESSORI PER IMBRACATURE;Accessori e parti di ricambio:\n—   Ansa per c...pporto su imbracature Energy Pro / Volta / Granit / Expert...
7330329;ACCESSORI PER IMBRACATURE;ACCESSORI PER IMBRACATURE;Accessori e parti di ricambio:\n—   Ansa per c...pporto su imbracature Energy Pro / Volta / Granit / Expert...
7330330;ACCESSORI PER IMBRACATURE;ACCESSORI PER IMBRACATURE;Accessori e parti di ricambio:\n—   Ansa per c...pporto su imbracature Energy Pro / Volta / Granit / Expert...
7330337;ACCESSORI PER IMBRACATURE;ACCESSORI PER IMBRACATURE;Accessori e parti di ricambio:\n—   Ansa per c...pporto su imbracature Energy Pro / Volta / Granit / Expert...
7330219;ACCESSORI PER IMBRACATURE;ACCESSORI PER IMBRACATURE;Accessori e parti di ricambio:\n—   Ansa per c... accessory dedicato alle linee principali, per personalizza...
7330320;ACCESSORI PER IMBRACATURE;ACCESSORI PER IMBRACATURE;Accessori e parti di ricambio:\n—   Ansa per c... accessory dedicato alle linee principali, per personalizza...
7330321;ACCESSORI PER IMBRACATURE;ACCESSORI PER IMBRACATURE;Accessori e parti di ricambio:\n—   Ansa per c... accessory dedicato alle linee principali, per personalizza...
7330322;ACCESSORI PER IMBRACATURE;ACCESSORI PER IMBRACATURE;Accessori e parti di ricambio:\n—   Ansa per c... accessory dedicato alle linee principali, per personalizza...
7330323;ACCESSORI PER IMBRACATURE;ACCESSORI PER IMBRACATURE;Accessori e parti di ricambio:\n—   Ansa per c... accessory dedicato alle linee principali, per personalizza...
7330324;ACCESSORI PER IMBRACATURE;ACCESSORI PER IMBRACATURE;Accessori e parti di ricambio:\n—   Ansa per c... accessory dedicato alle linee principali, per personalizza...
7330325;ACCESSORI PER IMBRACATURE;ACCESSORI PER IMBRACATURE;Accessori e parti di ricambio:\n—   Ansa per c... accessory dedicato alle linee principali, per personalizza...
7330326;ACCESSORI PER IMBRACATURE;ACCESSORI PER IMBRACATURE;Accessori e parti di ricambio:\n—   Ansa per c... accessory dedicato alle linee principali, per personalizza...
7330327;ACCESSORI PER IMBRACATURE;ACCESSORI PER IMBRACATURE;Accessori e parti di ricambio:\n—   Ansa per c... accessory dedicato alle linee principali, per personalizza...
7330331;ACCESSORI PER IMBRACATURE;ACCESSORI PER IMBRACATURE;Accessori e parti di ricambio:\n—   Ansa per c... accessory dedicato alle linee principali, per personalizza...
7330332;ACCESSORI PER IMBRACATURE;ACCESSORI PER IMBRACATURE;Accessori e parti di ricambio:\n—   Ansa per c... accessory dedicato alle linee principali, per personalizza...
7330333;ACCESSORI PER IMBRACATURE;ACCESSORI PER IMBRACATURE;Accessori e parti di ricambio:\n—   Ansa per c... accessory dedicato alle linee principali, per personalizza...
7330334;ACCESSORI PER IMBRACATURE;ACCESSORI PER IMBRACATURE;Accessori e parti di ricambio:\n—   Ansa per c... accessory dedicato alle linee principali, per personalizza...
7330335;ACCESSORI PER IMBRACATURE;ACCESSORI PER IMBRACATURE;Accessori e parti di ricambio:\n—   Ansa per c... accessory dedicato alle linee principali, per personalizza...
7330336;ACCESSORI PER IMBRACATURE;ACCESSORI PER IMBRACATURE;Accessori e parti di ricambio:\n—   Ansa per c... accessory dedicato alle linee principali, per personalizza...
7330337;ACCESSORI PER IMBRACATURE;ACCESSORI PER IMBRACATURE;Accessori e parti di ricambio:\n—   Ansa per c... accessory dedicato alle linee principali, per personalizza...
7330338;ACCESSORI PER IMBRACATURE;ACCESSORI PER IMBRACATURE;Accessori e parti di ricambio:\n—   Ansa per c... accessory dedicato alle linee principali, per personalizza...
7330339;ACCESSORI PER IMBRACATURE;ACCESSORI PER IMBRACATURE;Accessori e parti di ricambio:\n—   Ansa per c... accessory dedicato alle linee principali, per personalizza...
7330340;ACCESSORI PER IMBRACATURE;ACCESSORI PER IMBRACATURE;Accessori e parti di ricambio:\n—   Ansa per c... accessory dedicato alle linee principali, per personalizza...
7330341;ACCESSORI PER IMBRACATURE;ACCESSORI PER IMBRACATURE;Accessori e parti di ricambio:\n—   Ansa per c... accessory dedicato alle linee principali, per personalizza...
7330342;ACCESSORI PER IMBRACATURE;ACCESSORI PER IMBRACATURE;Accessori e parti di ricambio:\n—   Ansa per c... accessory dedicato alle linee principali, per personalizza...
7330343;ACCESSORI PER IMBRACATURE;ACCESSORI PER IMBRACATURE;Accessori e parti di ricambio:\n—   Ansa per c... accessory dedicato alle linee principali, per personalizza...
7330344;ACCESSORI PER IMBRACATURE;ACCESSORI PER IMBRACATURE;Accessori e parti di ricambio:\n—   Ansa per c... accessory dedicato alle linee principali, per personalizza...
7330345;ACCESSORI PER IMBRACATURE;ACCESSORI PER IMBRACATURE;Accessori e parti di ricambio:\n—   Ansa per c... accessory dedicato alle linee principali, per personalizza...
7330346;ACCESSORI PER IMBRACATURE;ACCESSORI PER IMBRACATURE;Accessori e parti di ricambio:\n—   Ansa per c... accessory dedicato alle linee principali, per personalizza...
7330347;ACCESSORI PER IMBRACATURE;ACCESSORI PER IMBRACATURE;Accessori e parti di ricambio:\n—   Ansa per c... accessory dedicato alle linee principali, per personalizza...
7330348;ACCESSORI PER IMBRACATURE;ACCESSORI PER IMBRACATURE;Accessori e parti di ricambio:\n—   Ansa per c... accessory dedicato alle linee principali, per personalizza...
7330349;ACCESSORI PER IMBRACATURE;ACCESSORI PER IMBRACATURE;Accessori e parti di ricambio:\n—   Ansa per c... accessory dedicato alle linee principali, per personalizza...
7330350;ACCESSORI PER IMBRACATURE;ACCESSORI PER IMBRACATURE;Accessori e parti di ricambio:\n—   Ansa per c... accessory dedicato alle linee principali, per personalizza...
7330351;ACCESSORI PER IMBRACATURE;ACCESSORI PER IMBRACATURE;Accessori e parti di ricambio:\n—   Ansa per c... accessory dedicato alle linee principali, per personalizza...
7330352;ACCESSORI PER IMBRACATURE;ACCESSORI PER IMBRACATURE;Accessori e parti di ricambio:\n—   Ansa per c... accessory dedicato alle linee principali, per personalizza...
7330353;ACCESSORI PER IMBRACATURE;ACCESSORI PER IMBRACATURE;Accessori e parti di ricambio:\n—   Ansa per c... accessory dedicato alle linee principali, per personalizza...
7330354;ACCESSORI PER IMBRACATURE;ACCESSORI PER IMBRACATURE;Accessori e parti di ricambio:\n—   Ansa per c... accessory dedicato alle linee principali, per personalizza...
7330355;ACCESSORI PER IMBRACATURE;ACCESSORI PER IMBRACATURE;Accessori e parti di ricambio:\n—   Ansa per c... accessory dedicato alle linee principali, per personalizza...
7330356;ACCESSORI PER IMBRACATURE;ACCESSORI PER IMBRACATURE;Accessori e parti di ricambio:\n—   Ansa per c... accessory dedicato alle linee principali, per personalizza...
7330357;ACCESSORI PER IMBRACATURE;ACCESSORI PER IMBRACATURE;Accessori e parti di ricambio:\n—   Ansa per c... accessory dedicato alle linee principali, per personalizza...
7330358;ACCESSORI PER IMBRACATURE;ACCESSORI PER IMBRACATURE;Accessori e parti di ricambio:\n—   Ansa per c... accessory dedicato alle linee principali, per personalizza...
7330359;ACCESSORI PER IMBRACATURE;ACCESSORI PER IMBRACATURE;Accessori e parti di ricambio:\n—   Ansa per c... accessory dedicato alle linee principali, per personalizza...
7330360;ACCESSORI PER IMBRACATURE;ACCESSORI PER IMBRACATURE;Accessori e parti di ricambio:\n—   Ansa per c... accessory dedicato alle linee principali, per personalizza...
7330361;ACCESSORI PER IMBRACATURE;ACCESSORI PER IMBRACATURE;Accessori e parti di ricambio:\n—   Ansa per c... accessory dedicato alle linee principali, per personalizza...
7330362;ACCESSORI PER IMBRACATURE;ACCESSORI PER IMBRACATURE;Accessori e parti di ricambio:\n—   Ansa per c... accessory dedicato alle linee principali, per personalizza...
7330363;ACCESSORI PER IMBRACATURE;ACCESSORI PER IMBRACATURE;Accessori e parti di ricambio:\n—   Ansa per c... accessory dedicato alle linee principali, per personalizza...
7330364;ACCESSORI PER IMBRACATURE;ACCESSORI PER IMBRACATURE;Accessori e parti di ricambio:\n—   Ansa per c... accessory dedicato alle linee principali, per personalizza...
7330365;ACCESSORI PER IMBRACATURE;ACCESSORI PER IMBRACATURE;Accessori e parti di ricambio:\n—   Ansa per c... accessory dedicato alle linee principali, per personalizza...
7330366;ACCESSORI PER IMBRACATURE;ACCESSORI PER IMBRACATURE;Accessori e parti di ricambio:\n—   Ansa per c... accessory dedicato alle linee principali, per personalizza...
7330367;ACCESSORI PER IMBRACATURE;ACCESSORI PER IMBRACATURE;Accessori e parti di ricambio:\n—   Ansa per c... accessory dedicato alle linee principali, per personalizza...
7330368;ACCESSORI PER IMBRACATURE;ACCESSORI PER IMBRACATURE;Accessori e parti di ricambio:\n—   Ansa per c... accessory dedicato alle linee principali, per personalizza...
7330369;ACCESSORI PER IMBRACATURE;ACCESSORI PER IMBRACATURE;Accessori e parti di ricambio:\n—   Ansa per c... accessory dedicato alle linee principali, per personalizza...
7330370;ACCESSORI PER IMBRACATURE;ACCESSORI PER IMBRACATURE;Accessori e parti di ricambio:\n—   Ansa per c... accessory dedicato alle linee principali, per personalizza...
7330371;ACCESSORI PER IMBRACATURE;ACCESSORI PER IMBRACATURE;Accessori e parti di ricambio:\n—   Ansa per c... accessory dedicato alle linee principali, per personalizza...
7330372;ACCESSORI PER IMBRACATURE;ACCESSORI PER IMBRACATURE;Accessori e parti di ricambio:\n—   Ansa per c... accessory dedicato alle linee principali, per personalizza...
7330373;ACCESSORI PER IMBRACATURE;ACCESSORI PER IMBRACATURE;Accessori e parti di ricambio:\n—   Ansa per c... accessory dedicato alle linee principali, per personalizza...
7330374;ACCESSORI PER IMBRACATURE;ACCESSORI PER IMBRACATURE;Accessori e parti di ricambio:\n—   Ansa per c... accessory dedicato alle linee principali, per personalizza...
7330375;ACCESSORI PER IMBRACATURE;ACCESSORI PER IMBRACATURE;Accessori e parti di ricambio:\n—   Ansa per c... accessory dedicato alle linee principali, per personalizza...
7330376;ACCESSORI PER IMBRACATURE;ACCESSORI PER IMBRACATURE;Accessori e parti di ricambio:\n—   Ansa per c... accessory dedicato alle linee principali, per personalizza...
7330377;ACCESSORI PER IMBRACATURE;ACCESSORI PER IMBRACATURE;Accessori e parti di ricambio:\n—   Ansa per c... accessory dedicato alle linee principali, per personalizza...
7330378;ACCESSORI PER IMBRACATURE;ACCESSORI PER IMBRACATURE;Accessori e parti di ricambio:\n—   Ansa per c... accessory dedicato alle linee principali, per personalizza...
7330379;ACCESSORI PER IMBRACATURE;ACCESSORI PER IMBRACATURE;Accessori e parti di ricambio:\n—   Ansa per c... accessory dedicato alle linee principali, per personalizza...
7330380;ACCESSORI PER IMBRACATURE;ACCESSORI PER IMBRACATURE;Accessori e parti di ricambio:\n—   Ansa per c... accessory dedicato alle linee principali, per personalizza...
7330381;ACCESSORI PER IMBRACATURE;ACCESSORI PER IMBRACATURE;Accessori e parti di ricambio:\n—   Ansa per c... accessory dedicato alle linee principali, per personalizza...
7330382;ACCESSORI PER IMBRACATURE;ACCESSORI PER IMBRACATURE;Accessori e parti di ricambio:\n—   Ansa per c... accessory dedicato alle linee principali, per personalizza...
7330383;ACCESSORI PER IMBRACATURE;ACCESSORI PER IMBRACATURE;Accessori e parti di ricambio:\n—   Ansa per c... accessory dedicato alle linee principali, per personalizza...
7330384;ACCESSORI PER IMBRACATURE;ACCESSORI PER IMBRACATURE;Accessori e parti di ricambio:\n—   Ansa per c... accessory dedicato alle linee principali, per personalizza...
7330385;ACCESSORI PER IMBRACATURE;ACCESSORI PER IMBRACATURE;Accessori e parti di ricambio:\n—   Ansa per c... accessory dedicato alle linee principali, per personalizza...
7330386;ACCESSORI PER IMBRACATURE;ACCESSORI PER IMBRACATURE;Accessori e parti di ricambio:\n—   Ansa per c... accessory dedicato alle linee principali, per personalizza...
7330387;ACCESSORI PER IMBRACATURE;ACCESSORI PER IMBRACATURE;Accessori e parti di ricambio:\n—   Ansa per c... accessory dedicato alle linee principali, per personalizza...
7330388;ACCESSORI PER IMBRACATURE;ACCESSORI PER IMBRACATURE;Accessori e parti di ricambio:\n—   Ansa per c... accessory dedicato alle linee principali, per personalizza...
7330389;ACCESSORI PER IMBRACATURE;ACCESSORI PER IMBRACATURE;Accessori e parti di ricambio:\n—   Ansa per c... accessory dedicato alle linee principali, per personalizza...
7330390;ACCESSORI PER IMBRACATURE;ACCESSORI PER IMBRACATURE;Accessori e parti di ricambio:\n—   Ansa per c... accessory dedicato alle linee principali, per personalizza...
7330391;ACCESSORI PER IMBRACATURE;ACCESSORI PER IMBRACATURE;Accessori e parti di ricambio:\n—   Ansa per c... accessory dedicato alle linee principali, per personalizza...
7330392;ACCESSORI PER IMBRACATURE;ACCESSORI PER IMBRACATURE;Accessori e parti di ricambio:\n—   Ansa per c... accessory dedicato alle linee principali, per personalizza...
7330393;ACCESSORI PER IMBRACATURE;ACCESSORI PER IMBRACATURE;Accessori e parti di ricambio:\n—   Ansa per c... accessory dedicato alle linee principali, per personalizza...
7330394;ACCESSORI PER IMBRACATURE;ACCESSORI PER IMBRACATURE;Accessori e parti di ricambio:\n—   Ansa per c... accessory dedicato alle linee principali, per personalizza...
7330395;ACCESSORI PER IMBRACATURE;ACCESSORI PER IMBRACATURE;Accessori e parti di ricambio:\n—   Ansa per c... accessory dedicato alle linee principali, per personalizza...
7330396;ACCESSORI PER IMBRACATURE;ACCESSORI PER IMBRACATURE;Accessori e parti di ricambio:\n—   Ansa per c... accessory dedicato alle linee principali, per personalizza...
7330397;ACCESSORI PER IMBRACATURE;ACCESSORI PER IMBRACATURE;Accessori e parti di ricambio:\n—   Ansa per c... accessory dedicato alle linee principali, per personalizza...
7330398;ACCESSORI PER IMBRACATURE;ACCESSORI PER IMBRACATURE;Accessori e parti di ricambio:\n—   Ansa per c... accessory dedicato alle linee principali, per personalizza...
7330399;ACCESSORI PER IMBRACATURE;ACCESSORI PER IMBRACATURE;Accessori e parti di ricambio:\n—   Ansa per c... accessory dedicato alle linee principali, per personalizza...
7330400;ACCESSORI PER IMBRACATURE;ACCESSORI PER IMBRACATURE;Accessori e parti di ricambio:\n—   Ansa per c... accessory dedicato alle linee principali, per personalizza...
7330401;ACCESSORI PER IMBRACATURE;ACCESSORI PER IMBRACATURE;Accessori e parti di ricambio:\n—   Ansa per c... accessory dedicato alle linee principali, per personalizza...
7330402;ACCESSORI PER IMBRACATURE;ACCESSORI PER IMBRACATURE;Accessori e parti di ricambio:\n—   Ansa per c... accessory dedicato alle linee principali, per personalizza...
7330403;ACCESSORI PER IMBRACATURE;ACCESSORI PER IMBRACATURE;Accessori e parti di ricambio:\n—   Ansa per c... accessory dedicato alle linee principali, per personalizza...
7330404;ACCESSORI PER IMBRACATURE;ACCESSORI PER IMBRACATURE;Accessori e parti di ricambio:\n—   Ansa per c... accessory dedicato alle linee principali, per personalizza...
7330405;ACCESSORI PER IMBRACATURE;ACCESSORI PER IMBRACATURE;Accessori e parti di ricambio:\n—   Ansa per c... accessory dedicato alle linee principali, per personalizza...
7330406;ACCESSORI PER IMBRACATURE;ACCESSORI PER IMBRACATURE;Accessori e parti di ricambio:\n—   Ansa per c... accessory dedicato alle linee principali, per personalizza...
7330407;ACCESSORI PER IMBRACATURE;ACCESSORI PER IMBRACATURE;Accessori e parti di ricambio:\n—   Ansa per c... accessory dedicato alle linee principali, per personalizza...
7330408;ACCESSORI PER IMBRACATURE;ACCESSORI PER IMBRACATURE;Accessori e parti di ricambio:\n—   Ansa per c... accessory dedicato alle linee principali, per personalizza...
7330409;ACCESSORI PER IMBRACATURE;ACCESSORI PER IMBRACATURE;Accessori e parti di ricambio:\n—   Ansa per c... accessory dedicato alle linee principali, per personalizza...
