"codice","descrizione","prezzo","gruppo"
"7330326","Spalline imbottite - Modello: Punto di aggancio posteriore c...ttitura lombare in materiale mesh 3D con migliore imbottit...","","IMBRACATURE"
"7330327","Spalline imbottite - Modello: Punto di aggancio posteriore c...ttitura lombare in materiale mesh 3D con migliore imbottit...","","IMBRACATURE"
"7330331","Energy Pro Plus - Punto di aggancio posteri...mpicarsi sugli alberi delle grate, sugli alberi in legno, s...","","IMBRACATURE"
"7330332","Energy Pro Plus - Punto di aggancio posteri...mpicarsi sugli alberi delle grate, sugli alberi in legno, s...","","IMBRACATURE"
"7330927","Energy Pro - Accessori e parti di ricambio:...3, carico nominale max: 130 kg La già efficace versione cla...","","IMBRACATURE"
"7330928","Energy Pro - Accessori e parti di ricambio:...3, carico nominale max: 130 kg La già efficace versione cla...","","IMBRACATURE"
"7330333","Volta - Punto di aggancio posteriore con an... sugli alberi delle grate, sugli alberi in legno, sugli alb...","","IMBRACATURE"
"7330334","Volta - Punto di aggancio posteriore con an... sugli alberi delle grate, sugli alberi in legno, sugli alb...","","IMBRACATURE"
"7330980","Volta - Punto di aggancio posteriore con an...sugli alberi delle grate, sugli alberi in legno, sugli alb...","","IMBRACATURE"
"7330981","Volta - Punto di aggancio posteriore con an...sugli alberi delle grate, sugli alberi in legno, sugli alb...","","IMBRACATURE"
"7330335","Punto di - Punto di aggancio posteriore con an...ssere dotato sulla cintura di sostegno / posiziona- mento in...","","IMBRACATURE"
"7330336","Punto di - Punto di aggancio posteriore con an...ssere dotato sulla cintura di sostegno / posiziona- mento in...","","IMBRACATURE"
"7330338","Granit Light - Punto di aggancio posteriore con an...di carico nominale max: 140 kg La variante leggermente sempl...","","IMBRACATURE"
"7330217","Expert - Punto di aggancio posteriore con an...per gli operatori in ambiente industriale, con attenzione all...","","IMBRACATURE"
"7330218","Expert - Punto di aggancio posteriore con an...per gli operatori in ambiente industriale, con attenzione all...","","IMBRACATURE"
"7330970","Safety Safety Junior - Imbracature per i più\nesigenti che operano su...litamente elevata con attenzione alle taglie piccole / junior...","","IMBRACATURE"
"7330971","Safety Safety Junior - Imbracature per i più\nesigenti che operano su...litamente elevata con attenzione alle taglie piccole / junior...","","IMBRACATURE"
"7330979","Ergo Click Plus - Ergo Click Plus – l’imbracatura universale...ne razionale, condizioni di lavoro comode e confortevoli...","","IMBRACATURE"
"7330997","Ergo Click Plus - Ergo Click Plus – l’imbracatura universale...ne razionale, condizioni di lavoro comode e confortevoli...","","IMBRACATURE"
"7334201","C3 Rapid - Imbracatura anticaduta con fibbie a scatto...erse situazioni di lavoro in quota, con montaggio rapido...","","IMBRACATURE"
"7334202","C3 Rapid - Imbracatura anticaduta con fibbie a scatto...erse situazioni di lavoro in quota, con montaggio rapido...","","IMBRACATURE"
"7334203","C2 Simple - Imbracatura anticaduta di base... adatta per utilizzi meno frequenti, dove serve solo il punt...","","IMBRACATURE"
"7334204","C2 Simple - Imbracatura anticaduta di base... adatta per utilizzi meno frequenti, dove serve solo il punt...","","IMBRACATURE"
"7334205","C2 Simple - Imbracatura anticaduta di base... adatta per utilizzi meno frequenti, dove serve solo il punt...","","IMBRACATURE"
"7334206","C2 Simple - Imbracatura anticaduta di base... adatta per utilizzi meno frequenti, dove serve solo il punt...","","IMBRACATURE"
"7330328","ACCESSORI PER IMBRACATURE - Accessori e parti di ricambio:\n—   Ansa per c...pporto su imbracature Energy Pro / Volta / Granit / Expert...","","ACCESSORI PER IMBRACATURE"
"7330329","ACCESSORI PER IMBRACATURE - Accessori e parti di ricambio:\n—   Ansa per c...pporto su imbracature Energy Pro / Volta / Granit / Expert...","","ACCESSORI PER IMBRACATURE"
"7330330","ACCESSORI PER IMBRACATURE - Accessori e parti di ricambio:\n—   Ansa per c...pporto su imbracature Energy Pro / Volta / Granit / Expert...","","ACCESSORI PER IMBRACATURE"
"7330337","ACCESSORI PER IMBRACATURE - Accessori e parti di ricambio:\n—   Ansa per c...pporto su imbracature Energy Pro / Volta / Granit / Expert...","","ACCESSORI PER IMBRACATURE"
"7330219","ACCESSORI PER IMBRACATURE - Accessori e parti di ricambio:\n—   Ansa per c... accessory dedicato alle linee principali, per personalizza...","","ACCESSORI PER IMBRACATURE"
"7330320","ACCESSORI PER IMBRACATURE - Accessori e parti di ricambio:\n—   Ansa per c... accessory dedicato alle linee principali, per personalizza...","","ACCESSORI PER IMBRACATURE"
"7330321","ACCESSORI PER IMBRACATURE - Accessori e parti di ricambio:\n—   Ansa per c... accessory dedicato alle linee principali, per personalizza...","","ACCESSORI PER IMBRACATURE"
"7330322","ACCESSORI PER IMBRACATURE - Accessori e parti di ricambio:\n—   Ansa per c... accessory dedicato alle linee principali, per personalizza...","","ACCESSORI PER IMBRACATURE"
"7330323","ACCESSORI PER IMBRACATURE - Accessori e parti di ricambio:\n—   Ansa per c... accessory dedicato alle linee principali, per personalizza...","","ACCESSORI PER IMBRACATURE"
"7330324","ACCESSORI PER IMBRACATURE - Accessori e parti di ricambio:\n—   Ansa per c... accessory dedicato alle linee principali, per personalizza...","","ACCESSORI PER IMBRACATURE"
"7330325","ACCESSORI PER IMBRACATURE - Accessori e parti di ricambio:\n—   Ansa per c... accessory dedicato alle linee principali, per personalizza...","","ACCESSORI PER IMBRACATURE"
"7330326","ACCESSORI PER IMBRACATURE - Accessori e parti di ricambio:\n—   Ansa per c... accessory dedicato alle linee principali, per personalizza...","","ACCESSORI PER IMBRACATURE"
"7330327","ACCESSORI PER IMBRACATURE - Accessori e parti di ricambio:\n—   Ansa per c... accessory dedicato alle linee principali, per personalizza...","","ACCESSORI PER IMBRACATURE"
"7330331","ACCESSORI PER IMBRACATURE - Accessori e parti di ricambio:\n—   Ansa per c... accessory dedicato alle linee principali, per personalizza...","","ACCESSORI PER IMBRACATURE"
"7330332","ACCESSORI PER IMBRACATURE - Accessori e parti di ricambio:\n—   Ansa per c... accessory dedicato alle linee principali, per personalizza...","","ACCESSORI PER IMBRACATURE"
"7330333","ACCESSORI PER IMBRACATURE - Accessori e parti di ricambio:\n—   Ansa per c... accessory dedicato alle linee principali, per personalizza...","","ACCESSORI PER IMBRACATURE"
"7330334","ACCESSORI PER IMBRACATURE - Accessori e parti di ricambio:\n—   Ansa per c... accessory dedicato alle linee principali, per personalizza...","","ACCESSORI PER IMBRACATURE"
"7330335","ACCESSORI PER IMBRACATURE - Accessori e parti di ricambio:\n—   Ansa per c... accessory dedicato alle linee principali, per personalizza...","","ACCESSORI PER IMBRACATURE"
"7330336","ACCESSORI PER IMBRACATURE - Accessori e parti di ricambio:\n—   Ansa per c... accessory dedicato alle linee principali, per personalizza...","","ACCESSORI PER IMBRACATURE"
"7330337","ACCESSORI PER IMBRACATURE - Accessori e parti di ricambio:\n—   Ansa per c... accessory dedicato alle linee principali, per personalizza...","","ACCESSORI PER IMBRACATURE"
"7330338","ACCESSORI PER IMBRACATURE - Accessori e parti di ricambio:\n—   Ansa per c... accessory dedicato alle linee principali, per personalizza...","","ACCESSORI PER IMBRACATURE"
"7330339","ACCESSORI PER IMBRACATURE - Accessori e parti di ricambio:\n—   Ansa per c... accessory dedicato alle linee principali, per personalizza...","","ACCESSORI PER IMBRACATURE"
"7330340","ACCESSORI PER IMBRACATURE - Accessori e parti di ricambio:\n—   Ansa per c... accessory dedicato alle linee principali, per personalizza...","","ACCESSORI PER IMBRACATURE"
"7330341","ACCESSORI PER IMBRACATURE - Accessori e parti di ricambio:\n—   Ansa per c... accessory dedicato alle linee principali, per personalizza...","","ACCESSORI PER IMBRACATURE"
"7330342","ACCESSORI PER IMBRACATURE - Accessori e parti di ricambio:\n—   Ansa per c... accessory dedicato alle linee principali, per personalizza...","","ACCESSORI PER IMBRACATURE"
"7330343","ACCESSORI PER IMBRACATURE - Accessori e parti di ricambio:\n—   Ansa per c... accessory dedicato alle linee principali, per personalizza...","","ACCESSORI PER IMBRACATURE"
"7330344","ACCESSORI PER IMBRACATURE - Accessori e parti di ricambio:\n—   Ansa per c... accessory dedicato alle linee principali, per personalizza...","","ACCESSORI PER IMBRACATURE"
"7330345","ACCESSORI PER IMBRACATURE - Accessori e parti di ricambio:\n—   Ansa per c... accessory dedicato alle linee principali, per personalizza...","","ACCESSORI PER IMBRACATURE"
"7330346","ACCESSORI PER IMBRACATURE - Accessori e parti di ricambio:\n—   Ansa per c... accessory dedicato alle linee principali, per personalizza...","","ACCESSORI PER IMBRACATURE"
"7330347","ACCESSORI PER IMBRACATURE - Accessori e parti di ricambio:\n—   Ansa per c... accessory dedicato alle linee principali, per personalizza...","","ACCESSORI PER IMBRACATURE"
"7330348","ACCESSORI PER IMBRACATURE - Accessori e parti di ricambio:\n—   Ansa per c... accessory dedicato alle linee principali, per personalizza...","","ACCESSORI PER IMBRACATURE"
"7330349","ACCESSORI PER IMBRACATURE - Accessori e parti di ricambio:\n—   Ansa per c... accessory dedicato alle linee principali, per personalizza...","","ACCESSORI PER IMBRACATURE"
"7330350","ACCESSORI PER IMBRACATURE - Accessori e parti di ricambio:\n—   Ansa per c... accessory dedicato alle linee principali, per personalizza...","","ACCESSORI PER IMBRACATURE"
"7330351","ACCESSORI PER IMBRACATURE - Accessori e parti di ricambio:\n—   Ansa per c... accessory dedicato alle linee principali, per personalizza...","","ACCESSORI PER IMBRACATURE"
"7330352","ACCESSORI PER IMBRACATURE - Accessori e parti di ricambio:\n—   Ansa per c... accessory dedicato alle linee principali, per personalizza...","","ACCESSORI PER IMBRACATURE"
"7330353","ACCESSORI PER IMBRACATURE - Accessori e parti di ricambio:\n—   Ansa per c... accessory dedicato alle linee principali, per personalizza...","","ACCESSORI PER IMBRACATURE"
"7330354","ACCESSORI PER IMBRACATURE - Accessori e parti di ricambio:\n—   Ansa per c... accessory dedicato alle linee principali, per personalizza...","","ACCESSORI PER IMBRACATURE"
"7330355","ACCESSORI PER IMBRACATURE - Accessori e parti di ricambio:\n—   Ansa per c... accessory dedicato alle linee principali, per personalizza...","","ACCESSORI PER IMBRACATURE"
"7330356","ACCESSORI PER IMBRACATURE - Accessori e parti di ricambio:\n—   Ansa per c... accessory dedicato alle linee principali, per personalizza...","","ACCESSORI PER IMBRACATURE"
"7330357","ACCESSORI PER IMBRACATURE - Accessori e parti di ricambio:\n—   Ansa per c... accessory dedicato alle linee principali, per personalizza...","","ACCESSORI PER IMBRACATURE"
"7330358","ACCESSORI PER IMBRACATURE - Accessori e parti di ricambio:\n—   Ansa per c... accessory dedicato alle linee principali, per personalizza...","","ACCESSORI PER IMBRACATURE"
"7330359","ACCESSORI PER IMBRACATURE - Accessori e parti di ricambio:\n—   Ansa per c... accessory dedicato alle linee principali, per personalizza...","","ACCESSORI PER IMBRACATURE"
"7330360","ACCESSORI PER IMBRACATURE - Accessori e parti di ricambio:\n—   Ansa per c... accessory dedicato alle linee principali, per personalizza...","","ACCESSORI PER IMBRACATURE"
"7330361","ACCESSORI PER IMBRACATURE - Accessori e parti di ricambio:\n—   Ansa per c... accessory dedicato alle linee principali, per personalizza...","","ACCESSORI PER IMBRACATURE"
"7330362","ACCESSORI PER IMBRACATURE - Accessori e parti di ricambio:\n—   Ansa per c... accessory dedicato alle linee principali, per personalizza...","","ACCESSORI PER IMBRACATURE"
"7330363","ACCESSORI PER IMBRACATURE - Accessori e parti di ricambio:\n—   Ansa per c... accessory dedicato alle linee principali, per personalizza...","","ACCESSORI PER IMBRACATURE"
"7330364","ACCESSORI PER IMBRACATURE - Accessori e parti di ricambio:\n—   Ansa per c... accessory dedicato alle linee principali, per personalizza...","","ACCESSORI PER IMBRACATURE"
"7330365","ACCESSORI PER IMBRACATURE - Accessori e parti di ricambio:\n—   Ansa per c... accessory dedicato alle linee principali, per personalizza...","","ACCESSORI PER IMBRACATURE"
"7330366","ACCESSORI PER IMBRACATURE - Accessori e parti di ricambio:\n—   Ansa per c... accessory dedicato alle linee principali, per personalizza...","","ACCESSORI PER IMBRACATURE"
"7330367","ACCESSORI PER IMBRACATURE - Accessori e parti di ricambio:\n—   Ansa per c... accessory dedicato alle linee principali, per personalizza...","","ACCESSORI PER IMBRACATURE"
"7330368","ACCESSORI PER IMBRACATURE - Accessori e parti di ricambio:\n—   Ansa per c... accessory dedicato alle linee principali, per personalizza...","","ACCESSORI PER IMBRACATURE"
"7330369","ACCESSORI PER IMBRACATURE - Accessori e parti di ricambio:\n—   Ansa per c... accessory dedicato alle linee principali, per personalizza...","","ACCESSORI PER IMBRACATURE"
"7330370","ACCESSORI PER IMBRACATURE - Accessori e parti di ricambio:\n—   Ansa per c... accessory dedicato alle linee principali, per personalizza...","","ACCESSORI PER IMBRACATURE"
"7330371","ACCESSORI PER IMBRACATURE - Accessori e parti di ricambio:\n—   Ansa per c... accessory dedicato alle linee principali, per personalizza...","","ACCESSORI PER IMBRACATURE"
"7330372","ACCESSORI PER IMBRACATURE - Accessori e parti di ricambio:\n—   Ansa per c... accessory dedicato alle linee principali, per personalizza...","","ACCESSORI PER IMBRACATURE"
"7330373","ACCESSORI PER IMBRACATURE - Accessori e parti di ricambio:\n—   Ansa per c... accessory dedicato alle linee principali, per personalizza...","","ACCESSORI PER IMBRACATURE"
"7330374","ACCESSORI PER IMBRACATURE - Accessori e parti di ricambio:\n—   Ansa per c... accessory dedicato alle linee principali, per personalizza...","","ACCESSORI PER IMBRACATURE"
"7330375","ACCESSORI PER IMBRACATURE - Accessori e parti di ricambio:\n—   Ansa per c... accessory dedicato alle linee principali, per personalizza...","","ACCESSORI PER IMBRACATURE"
"7330376","ACCESSORI PER IMBRACATURE - Accessori e parti di ricambio:\n—   Ansa per c... accessory dedicato alle linee principali, per personalizza...","","ACCESSORI PER IMBRACATURE"
"7330377","ACCESSORI PER IMBRACATURE - Accessori e parti di ricambio:\n—   Ansa per c... accessory dedicato alle linee principali, per personalizza...","","ACCESSORI PER IMBRACATURE"
"7330378","ACCESSORI PER IMBRACATURE - Accessori e parti di ricambio:\n—   Ansa per c... accessory dedicato alle linee principali, per personalizza...","","ACCESSORI PER IMBRACATURE"
"7330379","ACCESSORI PER IMBRACATURE - Accessori e parti di ricambio:\n—   Ansa per c... accessory dedicato alle linee principali, per personalizza...","","ACCESSORI PER IMBRACATURE"
"7330380","ACCESSORI PER IMBRACATURE - Accessori e parti di ricambio:\n—   Ansa per c... accessory dedicato alle linee principali, per personalizza...","","ACCESSORI PER IMBRACATURE"
"7330381","ACCESSORI PER IMBRACATURE - Accessori e parti di ricambio:\n—   Ansa per c... accessory dedicato alle linee principali, per personalizza...","","ACCESSORI PER IMBRACATURE"
"7330382","ACCESSORI PER IMBRACATURE - Accessori e parti di ricambio:\n—   Ansa per c... accessory dedicato alle linee principali, per personalizza...","","ACCESSORI PER IMBRACATURE"
"7330383","ACCESSORI PER IMBRACATURE - Accessori e parti di ricambio:\n—   Ansa per c... accessory dedicato alle linee principali, per personalizza...","","ACCESSORI PER IMBRACATURE"
"7330384","ACCESSORI PER IMBRACATURE - Accessori e parti di ricambio:\n—   Ansa per c... accessory dedicato alle linee principali, per personalizza...","","ACCESSORI PER IMBRACATURE"
"7330385","ACCESSORI PER IMBRACATURE - Accessori e parti di ricambio:\n—   Ansa per c... accessory dedicato alle linee principali, per personalizza...","","ACCESSORI PER IMBRACATURE"
"7330386","ACCESSORI PER IMBRACATURE - Accessori e parti di ricambio:\n—   Ansa per c... accessory dedicato alle linee principali, per personalizza...","","ACCESSORI PER IMBRACATURE"
"7330387","ACCESSORI PER IMBRACATURE - Accessori e parti di ricambio:\n—   Ansa per c... accessory dedicato alle linee principali, per personalizza...","","ACCESSORI PER IMBRACATURE"
"7330388","ACCESSORI PER IMBRACATURE - Accessori e parti di ricambio:\n—   Ansa per c... accessory dedicato alle linee principali, per personalizza...","","ACCESSORI PER IMBRACATURE"
"7330389","ACCESSORI PER IMBRACATURE - Accessori e parti di ricambio:\n—   Ansa per c... accessory dedicato alle linee principali, per personalizza...","","ACCESSORI PER IMBRACATURE"
"7330390","ACCESSORI PER IMBRACATURE - Accessori e parti di ricambio:\n—   Ansa per c... accessory dedicato alle linee principali, per personalizza...","","ACCESSORI PER IMBRACATURE"
"7330391","ACCESSORI PER IMBRACATURE - Accessori e parti di ricambio:\n—   Ansa per c... accessory dedicato alle linee principali, per personalizza...","","ACCESSORI PER IMBRACATURE"
"7330392","ACCESSORI PER IMBRACATURE - Accessori e parti di ricambio:\n—   Ansa per c... accessory dedicato alle linee principali, per personalizza...","","ACCESSORI PER IMBRACATURE"
"7330393","ACCESSORI PER IMBRACATURE - Accessori e parti di ricambio:\n—   Ansa per c... accessory dedicato alle linee principali, per personalizza...","","ACCESSORI PER IMBRACATURE"
"7330394","ACCESSORI PER IMBRACATURE - Accessori e parti di ricambio:\n—   Ansa per c... accessory dedicato alle linee principali, per personalizza...","","ACCESSORI PER IMBRACATURE"
"7330395","ACCESSORI PER IMBRACATURE - Accessori e parti di ricambio:\n—   Ansa per c... accessory dedicato alle linee principali, per personalizza...","","ACCESSORI PER IMBRACATURE"
"7330396","ACCESSORI PER IMBRACATURE - Accessori e parti di ricambio:\n—   Ansa per c... accessory dedicato alle linee principali, per personalizza...","","ACCESSORI PER IMBRACATURE"
"7330397","ACCESSORI PER IMBRACATURE - Accessori e parti di ricambio:\n—   Ansa per c... accessory dedicato alle linee principali, per personalizza...","","ACCESSORI PER IMBRACATURE"
"7330398","ACCESSORI PER IMBRACATURE - Accessori e parti di ricambio:\n—   Ansa per c... accessory dedicato alle linee principali, per personalizza...","","ACCESSORI PER IMBRACATURE"
"7330399","ACCESSORI PER IMBRACATURE - Accessori e parti di ricambio:\n—   Ansa per c... accessory dedicato alle linee principali, per personalizza...","","ACCESSORI PER IMBRACATURE"
"7330400","ACCESSORI PER IMBRACATURE - Accessori e parti di ricambio:\n—   Ansa per c... accessory dedicato alle linee principali, per personalizza...","","ACCESSORI PER IMBRACATURE"
"7330401","ACCESSORI PER IMBRACATURE - Accessori e parti di ricambio:\n—   Ansa per c... accessory dedicato alle linee principali, per personalizza...","","ACCESSORI PER IMBRACATURE"
"7330402","ACCESSORI PER IMBRACATURE - Accessori e parti di ricambio:\n—   Ansa per c... accessory dedicato alle linee principali, per personalizza...","","ACCESSORI PER IMBRACATURE"
"7330403","ACCESSORI PER IMBRACATURE - Accessori e parti di ricambio:\n—   Ansa per c... accessory dedicato alle linee principali, per personalizza...","","ACCESSORI PER IMBRACATURE"
"7330404","ACCESSORI PER IMBRACATURE - Accessori e parti di ricambio:\n—   Ansa per c... accessory dedicato alle linee principali, per personalizza...","","ACCESSORI PER IMBRACATURE"
"7330405","ACCESSORI PER IMBRACATURE - Accessori e parti di ricambio:\n—   Ansa per c... accessory dedicato alle linee principali, per personalizza...","","ACCESSORI PER IMBRACATURE"
"7330406","ACCESSORI PER IMBRACATURE - Accessori e parti di ricambio:\n—   Ansa per c... accessory dedicato alle linee principali, per personalizza...","","ACCESSORI PER IMBRACATURE"
"7330407","ACCESSORI PER IMBRACATURE - Accessori e parti di ricambio:\n—   Ansa per c... accessory dedicato alle linee principali, per personalizza...","","ACCESSORI PER IMBRACATURE"
"7330408","ACCESSORI PER IMBRACATURE - Accessori e parti di ricambio:\n—   Ansa per c... accessory dedicato alle linee principali, per personalizza...","","ACCESSORI PER IMBRACATURE"
"7330409","ACCESSORI PER IMBRACATURE - Accessori e parti di ricambio:\n—   Ansa per c... accessory dedicato alle linee principali, per personalizza...","","ACCESSORI PER IMBRACATURE"
