﻿[
    {
        "path":  "docs\\chat_ready\\requirements.txt",
        "size":  74,
        "sha1":  "23982D1866FA1742FFCF2F7FBE868572FA1E66D4"
    },
    {
        "path":  "docs\\chat_ready\\vendor.txt",
        "size":  343,
        "sha1":  "6DBF4899BB28F574B6C8A9FDD2C15DBF6E10E72B"
    },
    {
        "path":  "docs\\chat_ready\\entry_points.txt",
        "size":  87,
        "sha1":  "3830417B20509BA3BFB2F9157824558D4C7FE3DB"
    },
    {
        "path":  "docs\\chat_ready\\top_level.txt",
        "size":  4,
        "sha1":  "D7A03141D5D6B1E88B6B59EF08B6681DF212C599"
    },
    {
        "path":  "docs\\chat_ready\\AUTHORS.txt",
        "size":  11385,
        "sha1":  "AA436947B0C07D6C3A6F9644F78133E2F48FEB49"
    },
    {
        "path":  "docs\\chat_ready\\LICENSE.txt",
        "size":  1093,
        "sha1":  "D1816736D55C943E1ED44A003F72CB7D1AFE0789"
    },
    {
        "path":  "docs\\chat_ready\\LICENSE.md",
        "size":  1541,
        "sha1":  "97E2C8C10633CA4A49876343C652E92E7515C36F"
    },
    {
        "path":  "docs\\chat_ready\\CHAT_PACKAGE_README.md",
        "size":  1638,
        "sha1":  "EC1D4BA3E44428BB6DD98A4CB1A2530E54D18138"
    }
]
